injection_rate,throughput,per_node_throughput,avg_latency,avg_hops,network_latency,queueing_latency,packets_received,packets_injected
0.1,3.188700,0.049823,17.822969,3.002069,15.817041,2.005927,31887,31948
0.2,6.363700,0.099433,25.847416,3.141117,23.354982,2.492434,63637,63802
0.3,5.658400,0.088413,1981.519281,3.760689,76.035628,1905.483653,56584,57041
0.4,5.655100,0.088361,2695.875122,3.738865,75.936624,2619.938498,56551,56983
0.5,5.649200,0.088269,3141.145525,3.747926,76.283810,3064.861715,56492,56954
0.6,5.632600,0.088009,3478.742393,3.759657,76.932163,3401.810230,56326,56780
0.8,5.609400,0.087647,3868.970282,3.744788,76.729704,3792.240578,56094,56539
1.0,5.636800,0.088075,4100.654095,3.746451,76.768113,4023.885981,56368,56815
