injection_rate,throughput,per_node_throughput,avg_latency,avg_hops,network_latency,queueing_latency,packets_received,packets_injected
0.1,3.188500,0.049820,17.656296,2.996739,15.649145,2.007151,31885,31948
0.2,6.365600,0.099462,24.317095,3.001846,21.873036,2.444059,63656,63801
0.3,7.681300,0.120020,648.749027,2.972120,50.756591,597.992436,76813,77215
0.4,7.637500,0.119336,1596.693866,2.931951,58.205879,1538.487987,76375,76835
0.5,7.637900,0.119342,2255.110567,2.935423,58.967452,2196.143115,76379,76839
0.6,7.547000,0.117922,2684.982616,2.924007,59.761799,2625.220816,75470,75943
0.8,7.653500,0.119586,3303.481022,2.947276,59.271640,3244.209381,76535,76998
1.0,7.663800,0.119747,3634.839988,2.933770,58.618309,3576.221679,76638,77087
