injection_rate,throughput,per_node_throughput,avg_latency,avg_hops,network_latency,queueing_latency,packets_received,packets_injected
0.1,3.189900,0.049842,13.253205,1.248993,11.247939,2.005267,31899,31948
0.2,6.370900,0.099545,15.171357,1.263142,13.015445,2.155912,63709,63803
0.3,9.563600,0.149431,20.482318,1.330800,16.493329,3.988990,95636,95795
0.4,12.323000,0.192547,194.997241,1.354735,21.201290,173.795951,123230,123492
0.5,12.433200,0.194269,1097.538912,1.347919,21.552537,1075.986375,124332,124610
0.6,12.446400,0.194475,1749.005889,1.352182,21.729448,1727.276441,124464,124739
0.8,12.413300,0.193958,2573.283986,1.359564,21.707330,2551.576656,124133,124406
1.0,12.248000,0.191375,3079.987671,1.326128,21.624559,3058.363112,122480,122736
