injection_rate,throughput,per_node_throughput,avg_latency,avg_hops,network_latency,queueing_latency,packets_received,packets_injected
0.1,3.187800,0.049809,17.935441,3.000583,15.929262,2.006180,31878,31948
0.2,6.364300,0.099442,25.891991,3.014982,23.099697,2.792295,63643,63800
0.3,7.845800,0.122591,762.325499,2.948549,47.833146,714.492353,78458,78840
0.4,8.030300,0.125473,1634.532371,2.873498,49.062040,1585.470331,80303,80718
0.5,8.080100,0.126252,2321.147671,2.877201,50.023923,2271.123748,80801,81226
0.6,7.981700,0.124714,2747.640666,2.853028,50.431186,2697.209479,79817,80236
0.8,8.071300,0.126114,3330.491148,2.865319,49.277056,3281.214092,80713,81153
1.0,8.100600,0.126572,3619.345197,2.873363,49.222206,3570.122991,81006,81424
