injection_rate,throughput,per_node_throughput,avg_latency,avg_hops,network_latency,queueing_latency,packets_received,packets_injected
0.1,3.189300,0.049833,14.668705,1.754866,12.662434,2.006271,31893,31948
0.2,6.368100,0.099502,18.433709,1.773111,16.121308,2.312401,63681,63800
0.3,9.202200,0.143784,209.672339,1.811564,29.941710,179.730630,92022,92307
0.4,9.952800,0.155512,1028.344486,1.859225,32.146079,996.198406,99528,99855
0.5,10.077600,0.157463,1764.787757,1.845294,31.948222,1732.839535,100776,101101
0.6,10.058600,0.157166,2302.087925,1.842506,31.966695,2270.121230,100586,100917
0.8,10.079500,0.157492,2990.919431,1.842859,31.862394,2959.057037,100795,101135
1.0,10.056000,0.157125,3379.126253,1.841056,31.395863,3347.730390,100560,100864
