injection_rate,throughput,per_node_throughput,avg_latency,avg_hops,network_latency,queueing_latency,packets_received,packets_injected
0.1,3.188900,0.049827,17.598827,3.001292,15.592744,2.006084,31889,31948
0.2,6.366900,0.099483,21.038088,3.021108,18.868633,2.169455,63669,63802
0.3,8.972000,0.140187,201.901416,3.080945,35.695129,166.206286,89720,90062
0.4,8.414200,0.131472,1115.709135,2.981094,53.906313,1061.802821,84142,84654
0.5,8.307800,0.129809,1860.183298,2.961171,53.606286,1806.577012,83078,83580
0.6,8.156800,0.127450,2473.859847,2.944442,55.929617,2417.930230,81568,82036
0.8,8.321200,0.130019,3061.932618,2.951803,53.964116,3007.968502,83212,83694
1.0,8.311900,0.129873,3428.421528,2.958705,54.141989,3374.279539,83119,83600
