injection_rate,throughput,per_node_throughput,avg_latency,avg_hops,network_latency,queueing_latency,packets_received,packets_injected
0.1,3.191700,0.049870,18.555629,3.010186,16.549989,2.005640,31917,31970
0.2,6.364900,0.099452,24.221040,3.023654,21.995397,2.225644,63649,63798
0.3,7.180500,0.112195,1145.903001,3.199584,65.937971,1079.965030,71805,72320
0.4,7.120600,0.111259,2153.224167,3.190381,67.244081,2085.980086,71206,71695
0.5,7.169700,0.112027,2629.080896,3.195501,66.684952,2562.395944,71697,72179
0.6,7.256200,0.113378,3052.613972,3.171316,65.740815,2986.873157,72562,73067
0.8,7.368500,0.115133,3538.924802,3.184323,65.115872,3473.808930,73685,74169
1.0,7.033700,0.109902,3899.418585,3.198743,68.082432,3831.336153,70337,70835
